{
    "/":{
        "controller": "CRUDController",
        "action": "baseTemplate" 
    },
    "/clients": {
        "controller": "CRUDController",
        "action": "listadoCliente"
    },
    "/employees": {
        "controller": "CRUDController",
        "action": "listadoEmp"
    },
    "/detail":{
        "controller": "CRUDController",
        "action": "detalleCliente"
    },
    "/insert":{
        "controller": "CRUDController",
        "action": "add"
    },
    "/adding":{
        "controller": "CRUDController",
        "action": "adding"
    },
    "/delete":{
        "controller": "CRUDController",
        "action": "del"
    },
    "/update":{
        "controller": "CRUDController",
        "action": "update"
    },
    "/updating":{
        "controller": "CRUDController",
        "action": "updating"
    }
}